-- Demo data for local client demonstrations.
-- All demo users use the local password documented by the orchestrator: Passer123.

INSERT INTO app_users (id, organization_id, email, password_hash, full_name, role, status, created_at, updated_at)
SELECT '10000000-0000-0000-0000-000000000001',
       '00000000-0000-0000-0000-000000000001',
       'admin@gestion.local',
       '$2b$10$t1MccHQt.btVz3caVNrL/ObxDSQZZRyYuKFcuAePL6.AoeIBcFun6',
       'Administrateur Demo',
       'ADMIN',
       'ACTIVE',
       NOW(),
       NOW()
WHERE NOT EXISTS (SELECT 1 FROM app_users WHERE LOWER(email) = LOWER('admin@gestion.local'));

INSERT INTO app_users (id, organization_id, email, password_hash, full_name, role, status, created_at, updated_at)
SELECT '10000000-0000-0000-0000-000000000002',
       '00000000-0000-0000-0000-000000000001',
       'gestionnaire@gestion.local',
       '$2b$10$t1MccHQt.btVz3caVNrL/ObxDSQZZRyYuKFcuAePL6.AoeIBcFun6',
       'Gestionnaire Demo',
       'GESTIONNAIRE',
       'ACTIVE',
       NOW(),
       NOW()
WHERE NOT EXISTS (SELECT 1 FROM app_users WHERE LOWER(email) = LOWER('gestionnaire@gestion.local'));

INSERT INTO owners (id, organization_id, full_name, phone, email, address, created_at, updated_at)
VALUES
    ('20000000-0000-0000-0000-000000000001', '00000000-0000-0000-0000-000000000001', 'Mamadou Diop', '+221771112233', 'mamadou.diop@example.com', 'Sacré-Cœur 3, Dakar', NOW(), NOW()),
    ('20000000-0000-0000-0000-000000000002', '00000000-0000-0000-0000-000000000001', 'Awa Ndiaye', '+221762224466', 'awa.ndiaye@example.com', 'Almadies, Dakar', NOW(), NOW()),
    ('20000000-0000-0000-0000-000000000003', '00000000-0000-0000-0000-000000000001', 'SCI Teranga Patrimoine', '+221781234567', 'contact@teranga.example.com', 'Plateau, Dakar', NOW(), NOW())
ON CONFLICT (id) DO NOTHING;

INSERT INTO properties (id, organization_id, owner_id, name, description, address, city, type, status, created_at, updated_at)
VALUES
    ('30000000-0000-0000-0000-000000000001', '00000000-0000-0000-0000-000000000001', '20000000-0000-0000-0000-000000000001', 'Résidence Baobab', 'Immeuble familial de quatre appartements.', 'Rue 12, Sacré-Cœur 3', 'Dakar', 'APARTMENT_BUILDING', 'OCCUPIED', NOW(), NOW()),
    ('30000000-0000-0000-0000-000000000002', '00000000-0000-0000-0000-000000000001', '20000000-0000-0000-0000-000000000002', 'Villa Ngor', 'Villa individuelle proche de la corniche.', 'Ngor Almadies', 'Dakar', 'VILLA', 'OCCUPIED', NOW(), NOW()),
    ('30000000-0000-0000-0000-000000000003', '00000000-0000-0000-0000-000000000001', '20000000-0000-0000-0000-000000000003', 'Local Plateau Commerce', 'Local commercial en rez-de-chaussée.', 'Avenue Lamine Gueye', 'Dakar', 'COMMERCIAL', 'AVAILABLE', NOW(), NOW())
ON CONFLICT (id) DO NOTHING;

INSERT INTO units (id, organization_id, property_id, name, type, status, description, monthly_rent, created_at, updated_at)
VALUES
    ('40000000-0000-0000-0000-000000000001', '00000000-0000-0000-0000-000000000001', '30000000-0000-0000-0000-000000000001', 'Appartement A1', 'APARTMENT', 'OCCUPIED', 'Appartement T3 au premier étage.', 250000, NOW(), NOW()),
    ('40000000-0000-0000-0000-000000000002', '00000000-0000-0000-0000-000000000001', '30000000-0000-0000-0000-000000000001', 'Appartement A2', 'APARTMENT', 'AVAILABLE', 'Appartement T2 disponible.', 180000, NOW(), NOW()),
    ('40000000-0000-0000-0000-000000000003', '00000000-0000-0000-0000-000000000001', '30000000-0000-0000-0000-000000000002', 'Villa principale', 'APARTMENT', 'OCCUPIED', 'Villa louée en résidence principale.', 450000, NOW(), NOW()),
    ('40000000-0000-0000-0000-000000000004', '00000000-0000-0000-0000-000000000001', '30000000-0000-0000-0000-000000000003', 'Boutique RDC', 'SHOP', 'AVAILABLE', 'Boutique avec vitrine sur rue.', 300000, NOW(), NOW())
ON CONFLICT (id) DO NOTHING;

INSERT INTO tenants (id, organization_id, full_name, phone, email, address, identity_reference, created_at, updated_at)
VALUES
    ('50000000-0000-0000-0000-000000000001', '00000000-0000-0000-0000-000000000001', 'Fatou Sarr', '+221770001122', 'fatou.sarr@example.com', 'Liberté 6, Dakar', 'CNI-221-0001', NOW(), NOW()),
    ('50000000-0000-0000-0000-000000000002', '00000000-0000-0000-0000-000000000001', 'Cheikh Fall', '+221780003344', 'cheikh.fall@example.com', 'Yoff, Dakar', 'CNI-221-0002', NOW(), NOW()),
    ('50000000-0000-0000-0000-000000000003', '00000000-0000-0000-0000-000000000001', 'Ndeye Ba', '+221760005566', 'ndeye.ba@example.com', 'Mermoz, Dakar', 'PASSPORT-DEMO-03', NOW(), NOW())
ON CONFLICT (id) DO NOTHING;

INSERT INTO leases (id, organization_id, unit_id, tenant_id, start_date, end_date, monthly_rent, deposit_amount, due_day, status, created_at, updated_at)
VALUES
    ('60000000-0000-0000-0000-000000000001', '00000000-0000-0000-0000-000000000001', '40000000-0000-0000-0000-000000000001', '50000000-0000-0000-0000-000000000001', '2026-04-01', NULL, 250000, 500000, 5, 'ACTIVE', NOW(), NOW()),
    ('60000000-0000-0000-0000-000000000002', '00000000-0000-0000-0000-000000000001', '40000000-0000-0000-0000-000000000003', '50000000-0000-0000-0000-000000000002', '2026-05-01', NULL, 450000, 900000, 10, 'ACTIVE', NOW(), NOW()),
    ('60000000-0000-0000-0000-000000000003', '00000000-0000-0000-0000-000000000001', '40000000-0000-0000-0000-000000000004', '50000000-0000-0000-0000-000000000003', '2026-02-01', '2026-04-30', 300000, 300000, 15, 'TERMINATED', NOW(), NOW())
ON CONFLICT (id) DO NOTHING;

INSERT INTO rent_charges (id, organization_id, lease_id, period_start, due_date, amount_due, amount_paid, status, created_at, updated_at)
VALUES
    ('70000000-0000-0000-0000-000000000001', '00000000-0000-0000-0000-000000000001', '60000000-0000-0000-0000-000000000001', '2026-04-01', '2026-04-05', 250000, 250000, 'PAID', NOW(), NOW()),
    ('70000000-0000-0000-0000-000000000002', '00000000-0000-0000-0000-000000000001', '60000000-0000-0000-0000-000000000001', '2026-05-01', '2026-05-05', 250000, 100000, 'PARTIAL', NOW(), NOW()),
    ('70000000-0000-0000-0000-000000000003', '00000000-0000-0000-0000-000000000001', '60000000-0000-0000-0000-000000000001', '2026-06-01', '2026-06-05', 250000, 0, 'OVERDUE', NOW(), NOW()),
    ('70000000-0000-0000-0000-000000000004', '00000000-0000-0000-0000-000000000001', '60000000-0000-0000-0000-000000000002', '2026-05-01', '2026-05-10', 450000, 450000, 'PAID', NOW(), NOW()),
    ('70000000-0000-0000-0000-000000000005', '00000000-0000-0000-0000-000000000001', '60000000-0000-0000-0000-000000000002', '2026-06-01', '2026-06-10', 450000, 150000, 'PARTIAL', NOW(), NOW()),
    ('70000000-0000-0000-0000-000000000006', '00000000-0000-0000-0000-000000000001', '60000000-0000-0000-0000-000000000003', '2026-02-01', '2026-02-15', 300000, 300000, 'PAID', NOW(), NOW()),
    ('70000000-0000-0000-0000-000000000007', '00000000-0000-0000-0000-000000000001', '60000000-0000-0000-0000-000000000003', '2026-03-01', '2026-03-15', 300000, 0, 'OVERDUE', NOW(), NOW()),
    ('70000000-0000-0000-0000-000000000008', '00000000-0000-0000-0000-000000000001', '60000000-0000-0000-0000-000000000003', '2026-04-01', '2026-04-15', 300000, 300000, 'PAID', NOW(), NOW())
ON CONFLICT (organization_id, lease_id, period_start) DO NOTHING;

INSERT INTO payments (id, organization_id, rent_charge_id, amount, payment_date, method, reference, status, created_at, idempotency_key)
VALUES
    ('80000000-0000-0000-0000-000000000001', '00000000-0000-0000-0000-000000000001', '70000000-0000-0000-0000-000000000001', 250000, '2026-04-04', 'MOBILE_MONEY', 'WAVE-DEMO-APRIL-A1', 'CONFIRMED', NOW(), 'seed-payment-001'),
    ('80000000-0000-0000-0000-000000000002', '00000000-0000-0000-0000-000000000001', '70000000-0000-0000-0000-000000000002', 100000, '2026-05-07', 'CASH', 'CASH-DEMO-MAY-A1', 'CONFIRMED', NOW(), 'seed-payment-002'),
    ('80000000-0000-0000-0000-000000000003', '00000000-0000-0000-0000-000000000001', '70000000-0000-0000-0000-000000000004', 450000, '2026-05-09', 'BANK_TRANSFER', 'VIR-DEMO-VILLA-MAY', 'CONFIRMED', NOW(), 'seed-payment-003'),
    ('80000000-0000-0000-0000-000000000004', '00000000-0000-0000-0000-000000000001', '70000000-0000-0000-0000-000000000005', 150000, '2026-06-11', 'MOBILE_MONEY', 'OM-DEMO-VILLA-JUNE', 'CONFIRMED', NOW(), 'seed-payment-004'),
    ('80000000-0000-0000-0000-000000000005', '00000000-0000-0000-0000-000000000001', '70000000-0000-0000-0000-000000000006', 300000, '2026-02-14', 'CASH', 'CASH-DEMO-SHOP-FEB', 'CONFIRMED', NOW(), 'seed-payment-005'),
    ('80000000-0000-0000-0000-000000000006', '00000000-0000-0000-0000-000000000001', '70000000-0000-0000-0000-000000000008', 300000, '2026-04-15', 'BANK_TRANSFER', 'VIR-DEMO-SHOP-APR', 'CONFIRMED', NOW(), 'seed-payment-006')
ON CONFLICT (id) DO NOTHING;

INSERT INTO receipts (id, organization_id, rent_charge_id, receipt_number, issued_at)
VALUES
    ('90000000-0000-0000-0000-000000000001', '00000000-0000-0000-0000-000000000001', '70000000-0000-0000-0000-000000000001', 'QUIT-2026-DEMO-001', NOW()),
    ('90000000-0000-0000-0000-000000000002', '00000000-0000-0000-0000-000000000001', '70000000-0000-0000-0000-000000000004', 'QUIT-2026-DEMO-002', NOW())
ON CONFLICT (organization_id, rent_charge_id) DO NOTHING;

INSERT INTO reminders (id, organization_id, rent_charge_id, phone, message, prepared_at)
VALUES
    ('91000000-0000-0000-0000-000000000001', '00000000-0000-0000-0000-000000000001', '70000000-0000-0000-0000-000000000003', '+221770001122', 'Bonjour Fatou Sarr, nous vous rappelons que le loyer de juin 2026 reste impaye. Merci de nous contacter pour regulariser votre situation.', NOW()),
    ('91000000-0000-0000-0000-000000000002', '00000000-0000-0000-0000-000000000001', '70000000-0000-0000-0000-000000000005', '+221780003344', 'Bonjour Cheikh Fall, nous vous rappelons que le loyer de juin 2026 est partiellement regle. Merci de nous contacter pour regulariser le solde.', NOW())
ON CONFLICT (id) DO NOTHING;
